<?xml version="1.0" encoding="UTF-8" standalone="no"?>
<ninjaStore>
  <created_at>2024-01-20 10:37</created_at>
  <products>
    <product>
      <id>EAN3760294775639</id>
      <name><![CDATA[Cut4Men Jockstrap Rugby Blue / Black]]></name>
      <category><![CDATA[Health - Beauty > Sex Shop Products > Men's Sexy Underwear]]></category>
      <price_with_vat>24.49</price_with_vat>
      <manufacturer>Cut4Men</manufacturer>
      <image><![CDATA[https:////b.scdn.gr/images/sku_main_images/038913/38913200/20221125151214_cut4men_jockstrap_rugby_blue_black.jpeg]]></image>
      <ean>3760294775639</ean>
      <link><![CDATA[https://www.ninjaStore/3760294775639]]></link>
      <availability>Available from 4 to 10 days</availability>
      <quantity>10</quantity>
      <additional_imageurl><![CDATA[https:////c.scdn.gr/images/sku_images/068300/68300118/20221125151214_a2321a61.jpeg]]></additional_imageurl>
      <additional_imageurl><![CDATA[https:////c.scdn.gr/images/sku_images/068300/68300109/20221125151213_e5cbb63b.jpeg]]></additional_imageurl>
      <description>Cut4Men Jockstrap Rugby Blue / Black
-3760294775639-Cut4Men 18+</description>
      <distributor>ns</distributor>
      <disPrice>10.0</disPrice>
      <lowest_price_Skroutz>24.5</lowest_price_Skroutz>
      <price_updated>YES-NS-More</price_updated>
    </product>
    <product>
      <id>EAN5901688231098</id>
      <name><![CDATA[Obsessive Sweetia Babydoll Black]]></name>
      <category><![CDATA[Health - Beauty > Women's Sexy Underwear > Sexy Baby Dolls]]></category>
      <price_with_vat>41.08</price_with_vat>
      <manufacturer>Obsessive</manufacturer>
      <image><![CDATA[https:////b.scdn.gr/images/sku_main_images/028671/28671941/20210514092656_obsessive_sweetia_babydoll_black.jpeg]]></image>
      <ean>5901688231098</ean>
      <link><![CDATA[https://www.ninjaStore/5901688231098]]></link>
      <availability>Available from 4 to 10 days</availability>
      <quantity>10</quantity>
      <additional_imageurl><![CDATA[https:////b.scdn.gr/images/sku_images/051052/51052827/20211018170438_721dca5b.jpeg]]></additional_imageurl>
      <additional_imageurl><![CDATA[https:////d.scdn.gr/images/sku_images/051052/51052826/20211018170438_174242d2.jpeg]]></additional_imageurl>
      <additional_imageurl><![CDATA[https:////c.scdn.gr/images/sku_images/051052/51052828/20211018170438_afae4e39.jpeg]]></additional_imageurl>
      <description>The set includes a sexy babydoll and a black thong
The straps can be adjusted
Scalloped, lace edges
Elastic material (94% polyamide, 6% elastane) 18+</description>
      <distributor>lovecherry</distributor>
      <disPrice>20.54</disPrice>
      <lowest_price_Skroutz>35.19</lowest_price_Skroutz>
      <price_updated>NO</price_updated>
    </product>
    <product>
      <id>EAN5901688230961</id>
      <name><![CDATA[Obsessive Sweetia Babydoll Black - 5901688230961]]></name>
      <category><![CDATA[Health - Beauty > Women's Sexy Underwear > Sexy Baby Dolls]]></category>
      <price_with_vat>35.18</price_with_vat>
      <manufacturer>Obsessive</manufacturer>
      <image><![CDATA[https:////b.scdn.gr/images/sku_main_images/028671/28671941/20210514092656_obsessive_sweetia_babydoll_black.jpeg]]></image>
      <ean>5901688230961</ean>
      <link><![CDATA[https://www.ninjaStore/5901688230961]]></link>
      <availability>Available from 4 to 10 days</availability>
      <quantity>0</quantity>
      <additional_imageurl><![CDATA[https:////b.scdn.gr/images/sku_images/051052/51052827/20211018170438_721dca5b.jpeg]]></additional_imageurl>
      <additional_imageurl><![CDATA[https:////d.scdn.gr/images/sku_images/051052/51052826/20211018170438_174242d2.jpeg]]></additional_imageurl>
      <additional_imageurl><![CDATA[https:////c.scdn.gr/images/sku_images/051052/51052828/20211018170438_afae4e39.jpeg]]></additional_imageurl>
      <description>The set includes a sexy babydoll and a black thong
The straps can be adjusted
Scalloped, lace edges
Elastic material (94% polyamide, 6% elastane) 18+</description>
      <distributor>lovecherry</distributor>
      <disPrice>14.54</disPrice>
      <lowest_price_Skroutz>35.19</lowest_price_Skroutz>
      <price_updated>NO</price_updated>
    </product>
    <product>
      <id>EAN3760294774007</id>
      <name><![CDATA[Cut4Men Loopstring Provocative Aqua]]></name>
      <category><![CDATA[Health - Beauty > Sex Shop Products > Men's Sexy Underwear]]></category>
      <price_with_vat>12.19</price_with_vat>
      <manufacturer>Cut4Men</manufacturer>
      <image><![CDATA[https:////c.scdn.gr/images/sku_main_images/033944/33944875/20220211110806_cut4men_loopstring_provocative_aqua.jpeg]]></image>
      <ean>3760294774007</ean>
      <link><![CDATA[https://www.ninjaStore/3760294774007]]></link>
      <availability>Available from 4 to 10 days</availability>
      <quantity>0</quantity>
      <additional_imageurl><![CDATA[https:////c.scdn.gr/images/sku_images/056129/56129041/20220211110806_fad46cd6.jpeg]]></additional_imageurl>
      <additional_imageurl><![CDATA[https:////a.scdn.gr/images/sku_images/056129/56129040/20220211110806_a16b22af.jpeg]]></additional_imageurl>
      <additional_imageurl><![CDATA[https:////c.scdn.gr/images/sku_images/056129/56129044/20220211110806_1d31ef74.jpeg]]></additional_imageurl>
      <additional_imageurl><![CDATA[https:////c.scdn.gr/images/sku_images/056129/56129039/20220211110806_0b309287.jpeg]]></additional_imageurl>
      <description>Cut4Men Loopstring Provocative Aqua
-3760294774007-Cut4Men 18+</description>
      <distributor>lovecherry</distributor>
      <disPrice>4.43</disPrice>
      <lowest_price_Skroutz>12.2</lowest_price_Skroutz>
      <price_updated>NO</price_updated>
    </product>
    <product>
      <id>EAN3760294774021</id>
      <name><![CDATA[Cut4Men Loopstring Provocative Aqua - 3760294774021]]></name>
      <category><![CDATA[Health - Beauty > Sex Shop Products > Men's Sexy Underwear]]></category>
      <price_with_vat>12.19</price_with_vat>
      <manufacturer>Cut4Men</manufacturer>
      <image><![CDATA[https:////c.scdn.gr/images/sku_main_images/033944/33944875/20220211110806_cut4men_loopstring_provocative_aqua.jpeg]]></image>
      <ean>3760294774021</ean>
      <link><![CDATA[https://www.ninjaStore/3760294774021]]></link>
      <availability>Available from 4 to 10 days</availability>
      <quantity>0</quantity>
      <additional_imageurl><![CDATA[https:////c.scdn.gr/images/sku_images/056129/56129041/20220211110806_fad46cd6.jpeg]]></additional_imageurl>
      <additional_imageurl><![CDATA[https:////a.scdn.gr/images/sku_images/056129/56129040/20220211110806_a16b22af.jpeg]]></additional_imageurl>
      <additional_imageurl><![CDATA[https:////c.scdn.gr/images/sku_images/056129/56129044/20220211110806_1d31ef74.jpeg]]></additional_imageurl>
      <additional_imageurl><![CDATA[https:////c.scdn.gr/images/sku_images/056129/56129039/20220211110806_0b309287.jpeg]]></additional_imageurl>
      <description>Cut4Men Loopstring Provocative Aqua
-3760294774021-Cut4Men 18+</description>
      <distributor>lovecherry</distributor>
      <disPrice>4.43</disPrice>
      <lowest_price_Skroutz>12.2</lowest_price_Skroutz>
      <price_updated>NO</price_updated>
    </product>
    <product>
      <id>EAN697309090025</id>
      <name><![CDATA[Shunga Erotic Art Garden Of Edo Collection Massage 5pcs]]></name>
      <category><![CDATA[Health - Beauty > Sex Shop Products > Sex Essentials]]></category>
      <price_with_vat>85.14</price_with_vat>
      <manufacturer>Shunga Erotic Art</manufacturer>
      <image><![CDATA[https://a.scdn.gr/images/sku_main_images/022790/22790223/20220930170208_shunga_erotic_art_garden_of_edo_collection_5tmch.jpeg]]></image>
      <ean>697309090025</ean>
      <link><![CDATA[https://www.ninjaStore/697309090025]]></link>
      <availability>Available from 4 to 10 days</availability>
      <quantity>0</quantity>
      <additional_imageurl><![CDATA[https:b.scdn.gr/images/sku_images/036847/36847835/20201218132200_81fde592.jpeg]]></additional_imageurl>
      <distributor>lovecherry</distributor>
      <disPrice>42.57</disPrice>
      <lowest_price_Skroutz>78.39</lowest_price_Skroutz>
      <price_updated>NO</price_updated>
    </product>
    <product>
      <id>EAN8428076000410</id>
      <name><![CDATA[Durex Sensitive XXL Thin Big Size Condoms 10pcs]]></name>
      <category><![CDATA[Supermarket > Pharmacy Products > Condoms]]></category>
      <price_with_vat>14.38</price_with_vat>
      <manufacturer>Durex</manufacturer>
      <image><![CDATA[https://b.scdn.gr/images/sku_main_images/031636/31636783/20211012135415_durex_sensitive_xxl_10tmch.jpeg]]></image>
      <ean>8428076000410</ean>
      <link><![CDATA[https://www.ninjaStore/8428076000410]]></link>
      <availability>Available from 4 to 10 days</availability>
      <quantity>241</quantity>
      <additional_imageurl><![CDATA[https:a.scdn.gr/images/sku_images/057501/57501953/20220314141323_90bf224b.jpeg]]></additional_imageurl>
      <additional_imageurl><![CDATA[https:c.scdn.gr/images/sku_images/057501/57501954/20220314141323_e4dd7883.jpeg]]></additional_imageurl>
      <distributor>Novaengel</distributor>
      <disPrice>6.74</disPrice>
      <lowest_price_Skroutz>14.39</lowest_price_Skroutz>
      <price_updated>YES</price_updated>
    </product>
    <product>
      <id>EAN8428076000373</id>
      <name><![CDATA[Durex Sensitivo Slim Fit Condoms 10pcs]]></name>
      <category><![CDATA[Supermarket > Pharmacy Products > Condoms]]></category>
      <price_with_vat>20.3</price_with_vat>
      <manufacturer>Durex</manufacturer>
      <image><![CDATA[https://a,scdn,gr/images/sku_main_images/032875/32875468/20230616095949_durex_profylaktika_sensitivo_slim_fit_10tmch,jpeg]]></image>
      <ean>8428076000373</ean>
      <link><![CDATA[https://www,ninjaStore/8428076000373]]></link>
      <availability>Available from 4 to 10 days</availability>
      <quantity>508</quantity>
      <distributor>Novaengel</distributor>
      <disPrice>10.15</disPrice>
      <lowest_price_Skroutz>14.38</lowest_price_Skroutz>
      <price_updated>NO</price_updated>
    </product>
    <product>
      <id>EAN6930438703607</id>
      <name><![CDATA[Shequ Masturbator]]></name>
      <category><![CDATA[Health - Beauty > Sex Shop Products > Sex Dolls]]></category>
      <price_with_vat>7.65</price_with_vat>
      <manufacturer>Shequ</manufacturer>
      <image><![CDATA[https:////b.scdn.gr/images/sku_main_images/044671/44671790/20230725213426_shequ_masturbator.jpeg]]></image>
      <ean>6930438703607</ean>
      <link><![CDATA[https://www.ninjaStore/6930438703607]]></link>
      <availability>Available from 4 to 10 days</availability>
      <quantity>0</quantity>
      <additional_imageurl><![CDATA[https:////b.scdn.gr/images/sku_images/080554/80554589/20230725213428_54480f26.jpeg]]></additional_imageurl>
      <additional_imageurl><![CDATA[https:////a.scdn.gr/images/sku_images/080554/80554660/20230725213429_22f8237f.jpeg]]></additional_imageurl>
      <additional_imageurl><![CDATA[https:////c.scdn.gr/images/sku_images/080554/80554714/20230725213431_73776066.jpeg]]></additional_imageurl>
      <additional_imageurl><![CDATA[https:////a.scdn.gr/images/sku_images/080554/80554791/20230725213432_54b70141.jpeg]]></additional_imageurl>
      <additional_imageurl><![CDATA[https:////a.scdn.gr/images/sku_images/080554/80554855/20230725213434_30061de6.jpeg]]></additional_imageurl>
      <description>Shequ Masturbator
-6930438703607-Shequ 18+</description>
      <distributor>lovecherry</distributor>
      <disPrice>3.12</disPrice>
      <lowest_price_Skroutz>7.66</lowest_price_Skroutz>
      <price_updated>NO</price_updated>
    </product>
    <product>
      <id>EAN8412345048586</id>
      <name><![CDATA[Diverty Sex Box 20 Penis\-shaped Candies Strawberry Cherry Flavor]]></name>
      <category><![CDATA[Health - Beauty > Sex Shop Products > Sexy Gifts]]></category>
      <price_with_vat>17.39</price_with_vat>
      <manufacturer>Diverty Sex</manufacturer>
      <image><![CDATA[https:////b.scdn.gr/images/sku_main_images/048381/48381745/20231124144228_diverty_sex_box_20_penis_shaped_candies_strawberry_cherry_flavor.jpeg]]></image>
      <ean>8412345048586</ean>
      <link><![CDATA[https://www.ninjaStore/8412345048586]]></link>
      <availability>Available from 4 to 10 days</availability>
      <quantity>0</quantity>
      <description>Diverty Sex Box 20 Penis\-shaped Candies Strawberry Cherry Flavor
-8412345048586-Diverty Sex 18+</description>
      <distributor>lovecherry</distributor>
      <disPrice>2.4</disPrice>
      <lowest_price_Skroutz>17.4</lowest_price_Skroutz>
      <price_updated>NO</price_updated>
    </product>
    <product>
      <id>EAN6975052670669</id>
      <name><![CDATA[Shequ Masturbator -]]></name>
      <category><![CDATA[Health - Beauty > Sex Shop Products > Sex Dolls]]></category>
      <price_with_vat>58.42</price_with_vat>
      <manufacturer>Shequ</manufacturer>
      <image><![CDATA[https:////a.scdn.gr/images/sku_main_images/046602/46602574/20231009105822_shequ_masturbator.jpeg]]></image>
      <ean>6975052670669</ean>
      <link><![CDATA[https://www.ninjaStore/6975052670669]]></link>
      <availability>Available from 4 to 10 days</availability>
      <quantity>0</quantity>
      <additional_imageurl><![CDATA[https:////c.scdn.gr/images/sku_images/083368/83368607/20231009105823_e6a30480.jpeg]]></additional_imageurl>
      <additional_imageurl><![CDATA[https:////d.scdn.gr/images/sku_images/083368/83368654/20231009105824_33a97813.jpeg]]></additional_imageurl>
      <additional_imageurl><![CDATA[https:////d.scdn.gr/images/sku_images/083368/83368700/20231009105826_76737951.jpeg]]></additional_imageurl>
      <additional_imageurl><![CDATA[https:////b.scdn.gr/images/sku_images/083368/83368745/20231009105828_c707f0d3.jpeg]]></additional_imageurl>
      <additional_imageurl><![CDATA[https:////c.scdn.gr/images/sku_images/083368/83368789/20231009105829_bae73e2c.jpeg]]></additional_imageurl>
      <description>Shequ Masturbator
-6975052670669-Shequ 18+</description>
      <distributor>lovecherry</distributor>
      <disPrice>24.8</disPrice>
      <lowest_price_Skroutz>58.43</lowest_price_Skroutz>
      <price_updated>NO</price_updated>
    </product>
    <product>
      <id>EAN4061504000879</id>
      <name><![CDATA[Satisfyer Ring 1 Blue]]></name>
      <category><![CDATA[Health - Beauty > Sex Shop Products > Cock Rings]]></category>
      <price_with_vat>27.66</price_with_vat>
      <manufacturer>Satisfyer</manufacturer>
      <image><![CDATA[https:////d.scdn.gr/images/sku_main_images/022737/22737885/20200409163639_satisfyer_ring_1_7_5cm_dark_blue.jpeg]]></image>
      <ean>4061504000879</ean>
      <link><![CDATA[https://www.ninjaStore/4061504000879]]></link>
      <availability>Available from 4 to 10 days</availability>
      <quantity>0</quantity>
      <additional_imageurl><![CDATA[https:////a.scdn.gr/images/sku_images/031883/31883839/20200409163640_bd7320d7.jpeg]]></additional_imageurl>
      <additional_imageurl><![CDATA[https:////c.scdn.gr/images/sku_images/031883/31883840/20200409163640_5555ead5.jpeg]]></additional_imageurl>
      <additional_imageurl><![CDATA[https:////c.scdn.gr/images/sku_images/065547/65547738/20221004170240_fdd3e249.jpeg]]></additional_imageurl>
      <description>Ring cock from Satisfyer in blue color, made of silicone and Adapts to the penis creating an artificial barrier and restricting blood flow from the area. In this way, it offers a harder and longer-lasting erection, increasing the duration of sexual intercourse. Additionally, it has a vibration function stimulating the area and providing more intense orgasms for both partners.

Type: Cock
Vibration
Material: Silicone 18+</description>
      <distributor>lovecherry</distributor>
      <disPrice>13.83</disPrice>
      <lowest_price_Skroutz>23.36</lowest_price_Skroutz>
      <price_updated>NO</price_updated>
    </product>
  </products>
</ninjaStore>
